Workbook

Sheet KPI Dashboard
A1: Georgia County KPIs
A2: Source: Cleaned sheet · US Census 2020 population
A4: KPI | B4: Value | D4: Region | E4: Counties | F4: Population | G4: % of Total
A5: Counties analyzed | B5: =COUNTA(Cleaned!A2:A21) | D5: Central | E5: =COUNTIF(Cleaned!B2:B21,D5) | F5: =SUMIF(Cleaned!B2:B21,D5,Cleaned!C2:C21) | G5: =F5/$B$6
A6: Total population | B6: =SUM(Cleaned!C2:C21) | D6: Coastal | E6: =COUNTIF(Cleaned!B2:B21,D6) | F6: =SUMIF(Cleaned!B2:B21,D6,Cleaned!C2:C21) | G6: =F6/$B$6
A7: Average county population | B7: =ROUND(AVERAGE(Cleaned!C2:C21),0) | D7: East Central | E7: =COUNTIF(Cleaned!B2:B21,D7) | F7: =SUMIF(Cleaned!B2:B21,D7,Cleaned!C2:C21) | G7: =F7/$B$6
A8: Largest county population | B8: =MAX(Cleaned!C2:C21) | D8: Metro Atlanta | E8: =COUNTIF(Cleaned!B2:B21,D8) | F8: =SUMIF(Cleaned!B2:B21,D8,Cleaned!C2:C21) | G8: =F8/$B$6
A9: Smallest county population | B9: =MIN(Cleaned!C2:C21) | D9: North | E9: =COUNTIF(Cleaned!B2:B21,D9) | F9: =SUMIF(Cleaned!B2:B21,D9,Cleaned!C2:C21) | G9: =F9/$B$6
A10: Total ZIP codes | B10: =SUM(Cleaned!D2:D21) | D10: Northeast | E10: =COUNTIF(Cleaned!B2:B21,D10) | F10: =SUMIF(Cleaned!B2:B21,D10,Cleaned!C2:C21) | G10: =F10/$B$6
A11: Avg population per ZIP | B11: =ROUND(SUM(Cleaned!C2:C21)/SUM(Cleaned!D2:D21),0) | D11: Northwest | E11: =COUNTIF(Cleaned!B2:B21,D11) | F11: =SUMIF(Cleaned!B2:B21,D11,Cleaned!C2:C21) | G11: =F11/$B$6
A12: Counties over 500K | B12: =COUNTIF(Cleaned!C2:C21,">500000") | D12: South | E12: =COUNTIF(Cleaned!B2:B21,D12) | F12: =SUMIF(Cleaned!B2:B21,D12,Cleaned!C2:C21) | G12: =F12/$B$6
A13: Metro Atlanta population | B13: =SUMIF(Cleaned!B2:B21,"Metro Atlanta",Cleaned!C2:C21) | D13: Southwest | E13: =COUNTIF(Cleaned!B2:B21,D13) | F13: =SUMIF(Cleaned!B2:B21,D13,Cleaned!C2:C21) | G13: =F13/$B$6
D14: West Central | E14: =COUNTIF(Cleaned!B2:B21,D14) | F14: =SUMIF(Cleaned!B2:B21,D14,Cleaned!C2:C21) | G14: =F14/$B$6

Sheet RawData
A1: County | B1: Region | C1: Population | D1: ZipCodes
A2: fulton | B2: metro atlanta | C2: 1,066,710 | D2: 80
A3: GWINNETT | B3: Metro Atlanta | C3: 957062 | D3: 40
A4: Cobb | B4: Metro Atlanta | C4: 766149 | D4: 30
A5: Cobb | B5: Metro Atlanta | C5: 766149 | D5: 30
A6: DeKalb | B6: metro atlanta | C6: 764382 | D6: 35
A7: Clayton | B7: Metro Atlanta | C7: 297595 | D7: 15
A8: Chatham | B8: coastal | C8: 295291 | D8: 20
A9: Cherokee | B9: Metro Atlanta | C9: 266620
A10: Forsyth | B10: Metro Atlanta | C10: 251283 | D10: 8
A11: Henry | B11: Metro Atlanta | C11: 240712 | D11: 10
A12: richmond | B12: East Central | C12: 206607 | D12: 18
A13: Muscogee | B13: West Central | C13: 206922 | D13: 16
A14: Houston | B14: Central | C14: 163633 | D14: 8
A15: Bibb | B15: Central | C15: 157346 | D15: 14
A16: Hall | B16: North | C16: 203136 | D16: 12
A17: Clarke | B17: Northeast | C17: 128331 | D17: 7
A18: Lowndes | B18: South | C18: 117406 | D18: 9
A19: Whitfield | B19: Northwest | C19: 102864 | D19: 6
A20: Floyd | B20: Northwest | C20: 98498 | D20: 7
A21: Dougherty | B21: Southwest | C21: 85790 | D21: 8
A22: Glynn | B22: Coastal | C22: 84499 | D22: 7

Sheet Cleaned
A1: County | B1: Region | C1: Population | D1: ZipCodes | E1: PopPerZip
A2: Fulton | B2: Metro Atlanta | C2: 1066710 | D2: 80 | E2: =C2/D2
A3: Gwinnett | B3: Metro Atlanta | C3: 957062 | D3: 40 | E3: =C3/D3
A4: Cobb | B4: Metro Atlanta | C4: 766149 | D4: 30 | E4: =C4/D4
A5: DeKalb | B5: Metro Atlanta | C5: 764382 | D5: 35 | E5: =C5/D5
A6: Clayton | B6: Metro Atlanta | C6: 297595 | D6: 15 | E6: =C6/D6
A7: Cherokee | B7: Metro Atlanta | C7: 266620 | D7: 15 | E7: =C7/D7
A8: Forsyth | B8: Metro Atlanta | C8: 251283 | D8: 8 | E8: =C8/D8
A9: Henry | B9: Metro Atlanta | C9: 240712 | D9: 10 | E9: =C9/D9
A10: Chatham | B10: Coastal | C10: 295291 | D10: 20 | E10: =C10/D10
A11: Glynn | B11: Coastal | C11: 84499 | D11: 7 | E11: =C11/D11
A12: Richmond | B12: East Central | C12: 206607 | D12: 18 | E12: =C12/D12
A13: Muscogee | B13: West Central | C13: 206922 | D13: 16 | E13: =C13/D13
... A21: Dougherty | B21: Southwest | C21: 85790 | D21: 8 | E21: =C21/D21
